team,season_end,wins,losses,srs,round_code
Dallas Mavericks,2026,26,56,-5.33,0
Dallas Mavericks,2025,39,43,-0.74,0
Dallas Mavericks,2024,50,32,2.30,5
Dallas Mavericks,2023,38,44,-0.14,0
Dallas Mavericks,2022,52,30,3.12,4
Dallas Mavericks,2021,42,30,2.26,2
Dallas Mavericks,2020,43,32,4.87,2
Dallas Mavericks,2019,33,49,-0.87,0
Dallas Mavericks,2018,24,58,-2.70,0
Dallas Mavericks,2017,33,49,-2.53,0
Dallas Mavericks,2016,42,40,-0.02,2
Dallas Mavericks,2015,50,32,3.36,2
Dallas Mavericks,2014,49,33,2.91,2
Dallas Mavericks,2013,41,41,-0.24,0
Dallas Mavericks,2012,36,30,1.78,2
Dallas Mavericks,2011,57,25,4.41,6
Dallas Mavericks,2010,55,27,2.66,2
Dallas Mavericks,2009,50,32,1.68,3
Dallas Mavericks,2008,51,31,4.70,2
Dallas Mavericks,2007,67,15,7.28,2
Dallas Mavericks,2006,60,22,5.96,5
Dallas Mavericks,2005,58,24,5.86,3
Dallas Mavericks,2004,52,30,4.86,2
Dallas Mavericks,2003,60,22,7.90,4
Dallas Mavericks,2002,57,25,4.41,3
Dallas Mavericks,2001,53,29,4.61,3
Dallas Mavericks,2000,40,42,-0.29,0
Dallas Mavericks,1999,19,31,-2.50,0
Dallas Mavericks,1998,20,62,-6.33,0
Dallas Mavericks,1997,24,58,-6.47,0
Dallas Mavericks,1996,26,56,-4.71,0
Dallas Mavericks,1995,36,46,-2.39,0
Dallas Mavericks,1994,13,69,-8.19,0
Dallas Mavericks,1993,11,71,-14.68,0
Dallas Mavericks,1992,22,60,-7.47,0
Dallas Mavericks,1991,28,54,-4.27,0
Dallas Mavericks,1990,47,35,0.42,2
Dallas Mavericks,1989,38,44,-1.79,0
Dallas Mavericks,1988,53,29,3.59,4
Dallas Mavericks,1987,55,27,5.54,2
Dallas Mavericks,1986,44,38,0.70,3
Dallas Mavericks,1985,44,38,1.80,2
Dallas Mavericks,1984,43,39,0.15,3
Dallas Mavericks,1983,38,44,-0.70,0
Dallas Mavericks,1982,28,54,-4.48,0
Dallas Mavericks,1981,15,67,-8.33,0
Houston Rockets,2026,52,30,,2
Houston Rockets,2025,52,30,,2
Houston Rockets,2024,41,41,,0
Houston Rockets,2023,22,60,,0
Houston Rockets,2022,20,62,,0
Houston Rockets,2021,17,55,,0
Houston Rockets,2020,44,28,,3
Houston Rockets,2019,53,29,4.96,3
Houston Rockets,2018,65,17,8.21,4
Houston Rockets,2017,55,27,5.84,3
Houston Rockets,2016,41,41,0.34,2
Houston Rockets,2015,56,26,3.82,4
Houston Rockets,2014,54,28,5.06,2
Houston Rockets,2013,45,37,3.69,2
Houston Rockets,2012,34,32,0.57,0
Houston Rockets,2011,43,39,2.37,0
Houston Rockets,2010,42,40,-0.02,0
Houston Rockets,2009,53,29,3.73,3
Houston Rockets,2008,55,27,4.83,2
Houston Rockets,2007,52,30,5.04,2
Houston Rockets,2006,34,48,-1.30,0
Houston Rockets,2005,51,31,4.27,2
Houston Rockets,2004,45,37,2.28,2
Houston Rockets,2003,43,39,1.89,0
Houston Rockets,2002,28,54,-4.31,0
Houston Rockets,2001,45,37,2.71,0
Houston Rockets,2000,34,48,-0.57,0
Houston Rockets,1999,31,19,1.39,2
Houston Rockets,1998,41,41,-1.23,2
Houston Rockets,1997,57,25,3.85,4
Houston Rockets,1996,48,34,1.63,3
Houston Rockets,1995,47,35,2.32,6
Houston Rockets,1994,58,24,4.19,6
Houston Rockets,1993,55,27,3.57,3
Houston Rockets,1992,42,40,-1.94,0
Houston Rockets,1991,52,30,3.27,2
Houston Rockets,1990,41,41,1.71,2
Houston Rockets,1989,45,37,0.22,2
Houston Rockets,1988,46,36,0.82,2
Houston Rockets,1987,42,40,0.60,3
Houston Rockets,1986,51,31,2.10,5
Houston Rockets,1985,48,34,1.38,2
Houston Rockets,1984,29,53,-3.12,0
Houston Rockets,1983,14,68,-11.12,0
Houston Rockets,1982,46,36,-0.39,2
Houston Rockets,1981,40,42,-0.20,5
Houston Rockets,1980,41,41,0.27,3
Houston Rockets,1979,47,35,0.92,2
Houston Rockets,1978,28,54,-3.83,0
Houston Rockets,1977,49,33,1.44,4
Houston Rockets,1976,40,42,-0.71,0
Houston Rockets,1975,41,41,0.84,3
Houston Rockets,1974,32,50,-0.34,0
Houston Rockets,1973,33,49,-1.81,0
Houston Rockets,1972,34,48,-1.22,0
Houston Rockets,1971,40,42,0.21,0
Houston Rockets,1970,27,55,-2.95,0
Houston Rockets,1969,37,45,-0.30,2
Houston Rockets,1968,15,67,-7.94,0
